,business_id,block,mean_sentiment_all_reviews_x,std_sentiment_all_reviews,count_sentiment_all_reviews,stderr_sentiment_all_reviews,mean_sentiment_service_reviews_x,std_sentiment_service_reviews,count_sentiment_service_reviews,stderr_sentiment_service_reviews,mean_sentiment_price_reviews_x,std_sentiment_price_reviews,count_sentiment_price_reviews,stderr_sentiment_price_reviews,Rank_sentiment_all_reviews,Rank_sentiment_service_reviews,Rank_sentiment_price_reviews,service_count_by_block,all_count_by_block,price_count_by_block
0,MMRRS6YhVRx_iN5-JhMRYg,West,0.23369171004219857,0.21522528613473016,161,0.016962128768856888,0.24753080326377616,0.22428393252024884,55.0,0.030242439291573366,0.25414665273233794,0.19916214782312594,27.0,0.03832877321935527,8.0,6.0,7.0,19,32,25
1,zU5PPd9j4bYC_MepNSEDcA,West,0.2341160924667327,0.2015616942301859,137,0.01722057769679236,0.19165589642253258,0.2011889117282108,68.0,0.024397739228190614,0.23993225608218854,0.14096466292876575,25.0,0.02819293258575315,7.0,9.0,10.0,19,32,25
2,MzFhaFNbE03zF84BPkN7yQ,West,0.2253700243568935,0.2424237620434368,62,0.030787848567380434,0.19799435007075178,0.2535519324861656,19.0,0.05816880266561281,0.13349704287014894,0.15513102000270365,15.0,0.04005465713004273,10.0,8.0,19.0,19,32,25
3,O7l6SYxKM5Skl7i-JsRJ1g,West,0.21132014679870154,0.21766766440419108,79,0.024489525564398155,0.17778116556349216,0.21298396726103602,42.0,0.03286413963659437,0.22075950874680852,0.18059340400786106,28.0,0.03412894538738683,11.0,10.0,11.0,19,32,25
4,hz_jlKOsbQT3bsucp670qA,West,0.17379921711467447,0.30215480044076204,65,0.037477690477525166,0.1631524737339955,0.38526922322261514,23.0,0.08033418633448794,0.1986924533799534,0.11862787422367642,13.0,0.03290145255482756,14.0,11.0,14.0,19,32,25
5,gh81r-SZodvcty5QDaLyhg,West,0.0633687478058508,0.32971598007766006,58,0.04329382920084489,-0.28607407407407404,0.5096461560627871,5.0,0.22792068988557168,0.21018518518518517,0.2971097052516671,3.0,0.17153636830590036,25.0,18.0,12.0,19,32,25
6,uIlFxzyoJy7ud9j12aK7MA,West,0.2653933176737272,0.2297778175153387,91,0.02408726019163856,0.351197538581121,0.21606178294079895,38.0,0.035049849480702756,0.2615570149223995,0.18108927452224258,13.0,0.05022512805588617,6.0,2.0,6.0,19,32,25
7,jZxs7PDhUbhg4LWSFM4Z_A,West,0.10126369662083946,0.19594607024080007,14,0.05236879008041537,-0.14247176434676434,0.07307957217345401,2.0,0.05167506105006105,0.26875,,1.0,,22.0,14.0,5.0,19,32,25
8,xYHDcds5WortjUJnfvh_wA,West,0.17121443178734846,0.14602928077982844,15,0.037704598167928156,0.2580681818181818,0.09895832078090772,4.0,0.04947916039045386,0.11194444444444443,,1.0,,15.0,5.0,20.0,19,32,25
9,fU_PgV2qca4dEo2ZPmivPA,West,0.3554788319146018,0.1899085066619755,18,0.04476186428856451,0.310355132067758,0.20074407895367224,2.0,0.14194749951118932,0.16512643532590343,0.004640313624427907,2.0,0.003281197230665299,2.0,4.0,16.0,19,32,25
10,EEWjIIs6N-34yaAXI7lHJQ,West,0.09722642635142635,0.16889681300074388,10,0.053409861862588864,-0.17222222222222222,,1.0,,0.3101515151515152,,1.0,,23.0,16.0,3.0,19,32,25
11,kimOwpoIWzJJx7NHTAj74Q,West,0.12709343434343434,0.1913326545329394,6,0.0781112291229854,-0.15925925925925924,,1.0,,-0.06572222222222224,,1.0,,20.0,15.0,24.0,19,32,25
12,yG5tkMER9Ftkv4RDwMaQuA,West,0.22683561296996277,0.2368489162090621,77,0.0269914390250252,0.2296556697234101,0.20405222911372928,19.0,0.04681279189005021,0.17012021010111286,0.21099369176807883,12.0,0.06090863236980663,9.0,7.0,15.0,19,32,25
13,-CRjqZ4GxZ6lIa_qMj7-yw,West,0.19603203492177446,0.213507402234389,19,0.048981957370399565,0.35000000000000003,,1.0,,0.24793478260869567,0.06543299707066823,2.0,0.046268115942029,12.0,3.0,8.0,19,32,25
14,mgJvxgVQHISCAhp1fQ8VsA,West,-0.15796093371288303,0.3005334385948762,9,0.10017781286495873,-0.21142857142857144,,1.0,,-0.023507936507936516,0.08824243672521645,2.0,0.06239682539682539,30.0,17.0,22.0,19,32,25
15,7hwH3wiWB17U9Nw4EjJo0A,West,0.19259092448285772,0.24923931290427298,20,0.05573160463192949,0.009249099572894742,0.34460188527143043,4.0,0.17230094263571522,0.1390254043399997,0.2019860200968651,6.0,0.08246044740214466,13.0,13.0,18.0,19,32,25
16,9TRGordD4MbOR2mglgcvpA,West,0.14312759983072482,0.33135626771598814,5,0.14818702787671367,,,,,0.425,,1.0,,19.0,,1.0,19,32,25
17,zBOy9arp97nuwKuTal5Mkg,West,0.3714439853076217,0.16444338734376268,5,0.07354131851019638,,,,,,,,,1.0,,,19,32,25
18,vR9SKMvXCXyrl6u5ouWHBQ,West,-0.02399019465983753,0.2855730345847954,10,0.09030612276139903,0.0502434098639456,0.3091622971510545,2.0,0.21861075680272105,0.32857142857142857,,1.0,,27.0,12.0,2.0,19,32,25
19,hMMN-y22t0RQitwCQHFNkA,West,0.15645612874779538,0.2518006530945436,6,0.10279718616353165,,,,,-0.06412037037037038,,1.0,,17.0,,23.0,19,32,25
20,_QzlIe0DdxSHBJtbPvNG2A,West,0.1563562667491239,0.0788337514643282,4,0.0394168757321641,,,,,0.14137414965986395,0.12008308629619704,2.0,0.0849115646258503,18.0,,17.0,19,32,25
21,8VZd61Jo4WUdacQuRjrZoQ,West,-0.060515873015873,0.3840694339841915,3,0.22174259109828018,,,,,-0.475,,1.0,,29.0,,25.0,19,32,25
22,CWtiEPVlirbiteeK9U60lA,West,0.2694241739163614,0.16681101835995865,4,0.08340550917997933,0.44999999999999996,,1.0,,0.20923223188848186,0.14142296298304607,3.0,0.08165058574785614,5.0,1.0,13.0,19,32,25
23,y9XVl5058TPjHcO6O2HBaA,West,0.07104318741603224,0.2896652080917474,5,0.12954221920195386,,,,,0.24618309013783155,0.12668191949250132,3.0,0.07313984032045415,24.0,,9.0,19,32,25
24,BSO5jj-slpLdLgDtLWoD0w,West,0.30323415862889547,0.1204022488923173,5,0.05384552263341405,,,,,0.2843045112781955,,1.0,,3.0,,4.0,19,32,25
25,0cHDa2cXCF4PZzO2krXypg,West,0.10894132653061223,0.11396084033867887,2,0.08058248299319727,,,,,,,,,21.0,,,19,32,25
26,MN-Em6pY0ZXZQsLv6uBhrA,West,0.013300264550264554,0.07096370744740482,3,0.04097091559745303,,,,,-0.012291666666666656,0.078371001581509,2.0,0.055416666666666656,26.0,,21.0,19,32,25
27,le0jxDSzFaDKS58n12yOIA,West,0.30006944444444444,0.31991610710687846,4,0.15995805355343923,,,,,,,,,4.0,,,19,32,25
28,afkVsyaop-ojmY6d75V9pQ,West,-0.42500000000000004,0.5303300858899107,2,0.375,,,,,,,,,31.0,,,19,32,25
29,rjjK00bgGHNOJWMgUXT-ng,West,-0.03874458874458872,0.15147603081847758,3,0.08745472716882408,,,,,,,,,28.0,,,19,32,25
30,csBftms0brareTQSFGwpgA,West,0.17094547964113183,0.041089296739756594,2,0.029054520358868186,,,,,,,,,16.0,,,19,32,25
31,75Ela2MABxzZTs09OFSRsg,West,-0.65,,1,,-0.65,,1.0,,,,,,32.0,19.0,,19,32,25
32,AGlh4ZDv6jnoiYfz7At9mw,Center,0.2049504197464908,0.2300047230138819,729,0.008518693444958588,0.17900761463645345,0.22840247217821452,253.0,0.014359540395983214,0.23177704770579333,0.18675852282893604,107.0,0.0180546278659,48.0,53.0,36.0,73,81,73
33,iksVwRfpWymIUUFqw0tXpw,Center,0.3614580876885263,0.20204177030642337,979,0.006457282982998856,0.3819609926496548,0.1953349879035336,650.0,0.007661668576980987,0.25327859349453946,0.1432355673194419,171.0,0.010953497597652006,3.0,5.0,27.0,73,81,73
34,VP8HMhVt-pKmqGNmDW4-TQ,Center,0.25041375682005307,0.1976926529809498,159,0.015678047193136903,0.24624574987185432,0.17363941994609977,72.0,0.02046360188753097,0.2557268604645955,0.16555886776975048,36.0,0.02759314462829175,32.0,35.0,26.0,73,81,73
35,POuaebsAeCyNx-8qZ3O7XQ,Center,0.25266113619067315,0.23834465037096303,130,0.020904208696678323,0.24589324161721327,0.26858985108090483,53.0,0.03689365341536749,0.30101197061372503,0.1317230512369665,27.0,0.02535011303004716,30.0,36.0,11.0,73,81,73
36,SADPX8WX34EQDj_jqtacMw,Center,0.2327017909023614,0.2522264750015827,169,0.019402036538583283,0.22376034935520692,0.2903774127615554,77.0,0.033091577349165076,0.21601757044019948,0.2088618041614465,25.0,0.0417723608322893,39.0,45.0,42.0,73,81,73
37,ntiIq1FNqduOyyowMFGh5A,Center,0.31328122812513404,0.21031449238995473,399,0.01052889397296057,0.3048446784054268,0.1832086716247378,131.0,0.01600701596140134,0.3098117591479063,0.1661627326274191,83.0,0.018238729384713433,7.0,16.0,8.0,73,81,73
38,qY-BUQY-SFBaSrFHowF3nA,Center,0.3098519745620008,0.229925022450938,220,0.015501541851328024,0.27322621856834656,0.23800799788486215,110.0,0.02269317219244601,0.3365685064208918,0.1951224516117579,30.0,0.035624322741156685,8.0,25.0,5.0,73,81,73
39,kZ1q0K13tFYG_ZJrVvsJHA,Center,0.294796526206785,0.2019642890129365,471,0.009306023211772508,0.29109960885391467,0.20499427036788748,228.0,0.013576077205760343,0.28802951146294664,0.16253964586960062,85.0,0.017629899896087355,11.0,19.0,17.0,73,81,73
40,-1B9pP_CrRBJYPICE5WbRA,Center,0.26760391232088176,0.2514434364755842,106,0.024422345503126178,0.25453453423628886,0.2505243739682252,53.0,0.03441216929116768,0.33661941382568333,0.23531857369518297,19.0,0.05398578327765427,23.0,30.0,4.0,73,81,73
41,UQZ4p6xb_7gY7UXHmBzceg,Center,0.2267892268856458,0.24983880623594465,191,0.018077701560890346,0.22435762950749608,0.23963935363791591,92.0,0.024984129704413084,0.29888035317666184,0.18125139004086466,27.0,0.03488184627702902,41.0,43.0,16.0,73,81,73
42,qISf5ojuYbD9h71NumGUQA,Center,0.26932722470630815,0.21327372026427135,161,0.01680832383175992,0.28029671028572095,0.19162918860998307,57.0,0.02538190608720427,0.3016472078272861,0.14899016887407207,20.0,0.03331521455815984,22.0,22.0,10.0,73,81,73
43,838bEDzZSPveDkAGrhVWYQ,Center,0.17745569010175796,0.17819133269682472,91,0.018679527210135192,0.16893448327064467,0.18904224485946866,40.0,0.029890203387358916,0.2511594948698508,0.1373507965989124,17.0,0.033312461302355455,54.0,56.0,29.0,73,81,73
44,ytynqOUb3hjKeJfRj5Tshw,Center,0.31949264710367553,0.22057649290865264,959,0.00712278644786859,0.4529204524131472,0.17317404331488667,22.0,0.03692083008893135,0.29901406359983984,0.1654653726345885,82.0,0.018272593612580757,5.0,3.0,15.0,73,81,73
45,kbXpjBSweedxQ1WrlJ5i7Q,Center,0.24951078970991417,0.22081237196017803,282,0.013149185398100413,0.2404388816019168,0.22130697786547307,102.0,0.02191265603770914,0.20481457339469358,0.14612059270909192,45.0,0.021782371880672644,33.0,38.0,46.0,73,81,73
46,xFbdXq4NZ6I_ulCcNEy8Qw,Center,0.1278200160147791,0.2349288293508579,14,0.0627873706933423,0.13451321248196246,0.37180628750966227,3.0,0.2146624601800989,0.11711873638344224,0.05292956666186114,3.0,0.030558899560315773,65.0,62.0,65.0,73,81,73
47,VRnJgj0IvxoksHppE78X2Q,Center,0.237375951898211,0.24640880890243994,54,0.03353199166321927,0.2244990448080726,0.2540327139458128,9.0,0.08467757131527093,0.16569205840455842,0.2380551386506754,5.0,0.10646149448320955,37.0,42.0,57.0,73,81,73
48,_V6hl1oGkTV2KbGeax_HPA,Center,0.2399246139284372,0.23004861827363893,176,0.017340567053485387,0.255083579179126,0.22611664518183003,54.0,0.030770577946968664,0.27602716213516687,0.17371083361745632,19.0,0.03985199837561579,36.0,29.0,20.0,73,81,73
49,DRMEopD9Td8OoDk-JWm1Rw,Center,0.21117649155827373,0.19208912890791438,29,0.03567005575269047,0.1425539379234856,0.21386862083543873,7.0,0.08083474056727682,0.1286139940306607,0.14436221598605414,4.0,0.07218110799302707,44.0,59.0,62.0,73,81,73
50,nIAbuktMEzVjT4P9pG89rQ,Center,0.29957978099187216,0.1963655688904419,251,0.012394484804476302,0.30718403086626617,0.20705805478377434,151.0,0.0168501455278642,0.20570598375814364,0.21473191622837112,55.0,0.028954445677527245,10.0,15.0,45.0,73,81,73
51,2z82YBsqTcf4VRkcdVCTmg,Center,0.14451740720024023,0.2307008902607321,27,0.04439840703144,0.17881377551020408,0.29147687056986304,9.0,0.09715895685662101,0.24131631472033258,0.09027118789023479,6.0,0.03685305813433053,62.0,54.0,35.0,73,81,73
52,kiA1mrC2ZVoRmpsWgAT7ow,Center,0.21129444028867583,0.15816035362574576,53,0.021724995368356523,0.2246019108590503,0.16514517407374474,29.0,0.03066668894793213,0.25218284420376025,0.19129038626410416,17.0,0.04639473339600607,43.0,41.0,28.0,73,81,73
53,s9ceDy-cVHe0uzvZpWq87Q,Center,0.2531577051995543,0.1978257742249112,97,0.020086164122385276,0.24730980288901933,0.1918828156849209,32.0,0.033920410040994,0.2416941385501101,0.1268601830268174,22.0,0.02704668189832132,29.0,34.0,34.0,73,81,73
54,eaDZlSuVS0EY67Ke6pRP6Q,Center,0.16759234238938403,0.23876437539133738,236,0.015542237006607418,0.1430435233296654,0.24540765184784308,109.0,0.023505789953426514,0.22679134119487213,0.16585682390624662,45.0,0.02472447551910531,58.0,58.0,37.0,73,81,73
55,7z16CBc74GhbyqalwZrJUQ,Center,0.2067705837530115,0.24282013368696354,91,0.025454466419483294,0.13251436517370271,0.2622220956840252,32.0,0.04635475550878048,0.18237671739056835,0.2512104625245845,31.0,0.04511873099401382,47.0,64.0,53.0,73,81,73
56,NEZOlUKoQWUotatzRp-r5A,Center,0.2784165696637788,0.17760983035840205,92,0.018517104853979328,0.31701618597564146,0.17318141316371405,47.0,0.025261105358718516,0.2995646638777569,0.15618883353675714,30.0,0.028516049119500425,18.0,10.0,13.0,73,81,73
57,XvV9B9Y4YfVVehSVkX6Ulg,Center,0.17967212882833197,0.22845806168212132,29,0.04242359702333529,0.09987251744498121,0.021150791143542038,3.0,0.012211414960297548,0.1297144976069209,0.13011117438413866,11.0,0.03922999513315353,53.0,66.0,61.0,73,81,73
58,Ri_k9eVAKZPn3qH39frvWw,Center,0.16816923030026,0.29606495380367875,41,0.04623757759889688,0.3278125,0.10785389965257394,4.0,0.05392694982628697,0.3455005511463845,0.15622960255452428,6.0,0.0637804681627333,56.0,9.0,2.0,73,81,73
59,T9C1od-JorSPXwXgzSqM9Q,Center,0.0902496054977675,0.2199061184208165,62,0.027928104967562626,0.05728703068407353,0.19729803319998387,33.0,0.03434517914412264,0.2697276775020387,0.27511166642625956,8.0,0.09726666245676978,70.0,67.0,21.0,73,81,73
60,AKrFJ7vuBbLPfE9u2HVEkQ,Center,0.2504260106555045,0.21774956891859606,36,0.03629159481976601,0.23637729897788792,0.18822164403264555,20.0,0.04208763908937631,0.256242784992785,0.05827561123782256,3.0,0.03364543983534684,31.0,39.0,25.0,73,81,73
61,nzMsAREnsFlsCHsBUwL2SQ,Center,0.1290501043528873,0.233198892973429,41,0.03641954838391883,0.22107035986154644,0.2250790236716881,16.0,0.05626975591792203,0.12262509518557907,0.16163321037223105,8.0,0.05714596955957819,64.0,46.0,64.0,73,81,73
62,0S3TvsmbCeOZ9UitnpRd1A,Center,0.21021688126085822,0.2021387738653948,107,0.01954149285466271,0.18681671902014627,0.2112515674723835,41.0,0.03299195199702682,0.15031406090118798,0.1501409031168714,21.0,0.03276343111629021,46.0,52.0,59.0,73,81,73
63,oyA87-Q_vqnmxVOn_auJQQ,Center,0.26486012319229074,0.22176811280746903,106,0.021540023269154558,0.24232050031596994,0.2026437844490109,41.0,0.03164764214074584,0.32489315377604855,0.2028514040485985,10.0,0.06414724633566725,24.0,37.0,6.0,73,81,73
64,bq0n3CQy1CkE_WUe76zQvg,Center,0.19034359948371454,0.2073469330329001,31,0.0372406085316995,0.21696359002382853,0.3136949172009713,10.0,0.0991990428773001,0.17915268759018757,0.20630401048144836,4.0,0.10315200524072418,51.0,47.0,54.0,73,81,73
65,6OTy5-0NdmxgxqCLVuIJaA,Center,0.2369052017902634,0.20949759998969997,44,0.03158295152935446,0.2845700899778033,0.19525171593142293,16.0,0.04881292898285573,0.18952290069396163,0.17292119015755772,15.0,0.04464805931243913,38.0,20.0,51.0,73,81,73
66,KutdYfcmNCM1qggUg2QYeg,Center,0.23033753305089755,0.2753573675758195,26,0.05400202271079404,-0.09577721661054994,0.4683915209638021,3.0,0.2704259707145894,0.27655878694951225,0.2108609050675074,6.0,0.08608360401947282,40.0,72.0,19.0,73,81,73
67,Q9poenJ9SS3agpPo4Pgyyg,Center,0.3023616463874804,0.2590930613915135,46,0.038201187797725605,0.24738903347534297,0.47832260253355946,9.0,0.1594408675111865,0.299524235865145,0.058865607014620985,5.0,0.026325499764296195,9.0,33.0,14.0,73,81,73
68,HDFpIdD3BFYrrTIJuQTnVA,Center,0.1225123379235575,0.21826260863773397,11,0.06580865260141337,0.22383469875405357,0.40172537394216884,3.0,0.23193625278581426,0.02260013085281902,0.1683875247111019,3.0,0.09721858272012945,67.0,44.0,69.0,73,81,73
69,NABcZKRWQF9-rDVt0P0bhw,Center,0.1630709821617882,0.14855082270456318,34,0.025476255915588265,0.13495662505190037,0.11568625661763306,19.0,0.026540247460672416,0.12275751294306543,0.04841033825976097,7.0,0.018297387988548984,59.0,61.0,63.0,73,81,73
70,tngXF4K4cojGHn-4PUpBLQ,Center,0.16770109182512383,0.31603061438432467,17,0.07664868259031851,0.27683279316215825,0.40861048733687616,6.0,0.16681453292088566,0.24881944444444448,0.36465103868689597,2.0,0.2578472222222222,57.0,24.0,30.0,73,81,73
71,ZRb203peHsQKibqyKqZaGg,Center,0.24724810494124166,0.17392286090734224,23,0.036265423433224586,0.20221602182539683,0.156614883087135,4.0,0.0783074415435675,0.26507678972262305,0.2371145516243313,9.0,0.0790381838747771,34.0,50.0,22.0,73,81,73
72,gjFUrbSMo1rA1jgG5IhA2A,Center,0.259701260803483,0.2286037489813161,100,0.02286037489813161,0.26327828189221525,0.2583511541523606,54.0,0.03515713900735572,0.1489544791808196,0.2477077918200716,22.0,0.052811478662905684,28.0,26.0,60.0,73,81,73
73,qDEcJ48kXdWxQGZefgG94w,Center,0.27152942587571777,0.18392932645567872,62,0.023359047818930695,0.30871703866152306,0.23872656123540445,21.0,0.0520944065360834,0.24693009039770963,0.12089230885975791,18.0,0.02849459046267779,21.0,12.0,31.0,73,81,73
74,9sEzWuaOicYlbp9a6A829A,Center,0.2438099647266314,0.12097096370841758,6,0.0493861891297275,,,,,0.22021084656084655,0.11880900529488087,5.0,0.05313300243569721,35.0,,40.0,73,81,73
75,7xckZSLRWf5uf3L1IsF1Kg,Center,0.17194864646437716,0.2086194496259605,28,0.03942537016867559,0.4586764705882353,0.11994835610164856,3.0,0.06925221568413989,0.201966026740259,0.15702998109742738,7.0,0.05935175405213805,55.0,2.0,47.0,73,81,73
76,z5YxP_jyIU7dRKUA7V_H0w,Center,0.11802629316300461,0.1983909227702779,69,0.02388346048217286,0.1340395912386653,0.14515894428107673,9.0,0.04838631476035891,0.20138206896379973,0.2111202334936787,13.0,0.058554217473029885,68.0,63.0,48.0,73,81,73
77,eLW6dLoA1nFriXpzzPxvxg,Center,0.06540904436065728,0.570857611961414,6,0.2330516441815306,0.005393799748638448,0.0976233932719006,2.0,0.06903016338500209,0.005393799748638448,0.0976233932719006,2.0,0.06903016338500209,74.0,68.0,71.0,73,81,73
78,L-qu3bjkz4Uar55Fxa5JZA,Center,0.286364843159486,0.19212308290976807,7,0.07261569978489855,0.30035565476190473,0.14333854158749085,2.0,0.10135565476190472,0.30035565476190473,0.14333854158749085,2.0,0.10135565476190472,13.0,18.0,12.0,73,81,73
79,15JFk0bn7HJ9g9-N7tXl_Q,Center,0.2611697981748561,0.21325842559637942,45,0.031790689093872365,0.30834472410759173,0.12899690765173566,4.0,0.06449845382586783,0.20111283569725127,0.1447847538685701,7.0,0.05472349319570476,27.0,13.0,49.0,73,81,73
80,nbxFr2d30dYRWXy1rc0agg,Center,0.1629337993075228,0.2152228573997002,80,0.024062646972873664,0.13612295554185438,0.23920874087535118,35.0,0.040433657023810854,0.2148689792808893,0.13987425266632764,17.0,0.033924489296917736,60.0,60.0,43.0,73,81,73
81,PVVFos1LDfD7iETY0w4vaA,Center,0.271913471373872,0.22267619677857683,66,0.02740954506708231,0.28367394667771584,0.14827779643759706,17.0,0.03596264803800275,0.25910435461180303,0.26649336379406985,11.0,0.08035077243860111,20.0,21.0,23.0,73,81,73
82,peeXG1Ra-DClPQv14jvKvg,Center,0.06951917020130852,0.261077120146438,45,0.03891907920115435,0.2543803379160522,0.17216572296986074,7.0,0.06507252675255602,0.05022615215472361,0.2539183403159782,7.0,0.09597211168490631,73.0,31.0,68.0,73,81,73
83,hr5dfDGnO5GuIHKcLi4PPg,Center,0.21040213396806534,0.25378504284627296,20,0.056748060747696304,0.24991174651678855,0.3836127509088071,7.0,0.1449919912368672,0.17874641096618218,0.15018784582798317,6.0,0.061313931307724355,45.0,32.0,55.0,73,81,73
84,ErJ9NtMXt-WJZV_TVZ08Ag,Center,0.13079863766662939,0.200199473625642,16,0.0500498684064105,0.17528448879551822,0.15441487965410464,4.0,0.07720743982705232,0.1760299422799423,0.18632072665615718,5.0,0.0833251620840649,63.0,55.0,56.0,73,81,73
85,TnwGFR_5ntHByM1VMD9etg,Center,0.06070872982236617,0.2825594856593183,5,0.12636444352432255,,,,,,,,,75.0,,,73,81,73
86,QgDsoMYcLcVcBQ3UgVay4A,Center,0.19639194142386002,0.23083468561886422,18,0.05440825717805457,0.3077039241622575,0.2751850488158948,6.0,0.11234382574030374,0.37756734006734005,0.2971501646712623,6.0,0.12131104673809824,50.0,14.0,1.0,73,81,73
87,azfjxlAnSATyLBAGiuSq3A,Center,0.2778208923654988,0.2076994121332083,81,0.023077712459245368,0.3152833243732995,0.18370557113695826,22.0,0.039166159364916055,0.3409357792324063,0.15662996310283245,14.0,0.04186111845956021,19.0,11.0,3.0,73,81,73
88,mqJ5wiIbrOfEpbahzTIl5w,Center,0.12290170614578666,0.18568656882726067,10,0.05871924883957646,-0.008405088110465662,0.16690651061495212,4.0,0.08345325530747606,0.008917982529203233,0.18688082704475148,3.0,0.10789569580066717,66.0,70.0,70.0,73,81,73
89,KqsaIY5E_xKiyV0Za-5fhg,Center,0.03190540940540942,0.39018641227976997,8,0.13795172902493766,,,,,,,,,79.0,,,73,81,73
90,11x7dlRp4ACo3tnYnHZMaA,Center,-0.10847359058565954,0.15669461647193803,3,0.0904676790006386,,,,,-0.25625,,1.0,,81.0,,73.0,73,81,73
91,Wl7iw_u4WeEreF4ZZF1oDw,Center,0.20428408498899897,0.3400176158636373,19,0.07800539087227511,0.33242328833447254,0.17957836093165447,8.0,0.06349053838456913,0.24291991341991345,0.10738415573965551,3.0,0.06199827122299081,49.0,8.0,33.0,73,81,73
92,332MG0dFd8d2JUcszdRdYw,Center,0.08511857486267316,0.22038686724029752,19,0.05056021488336692,0.11196433196433198,0.21855054629427448,7.0,0.08260434205599416,-0.027237513643763648,0.20335634516255996,8.0,0.07189732533087916,71.0,65.0,72.0,73,81,73
93,Jwp0yYMeQHdPaZZA4DQ7qQ,Center,0.28533255301587057,0.2239843226175035,98,0.022625833343187445,0.30177889898247773,0.19539573358011006,39.0,0.03128835807957369,0.1998124197592303,0.2654206856654028,19.0,0.06089168138635607,15.0,17.0,50.0,73,81,73
94,7_8IYxOFYh3fsYAcyXVkpg,Center,0.319387046321334,0.23718207037157985,43,0.03616992664019316,0.34555052529094343,0.1949851003923845,14.0,0.05211196008528743,0.25899836287244826,0.15708221793418625,10.0,0.04967375885829779,6.0,7.0,24.0,73,81,73
95,HnK0o3uQwixHquSVLmJDnQ,Center,0.2858381797775737,0.07438794365123251,3,0.042947899291501807,,,,,,,,,14.0,,,73,81,73
96,Fc_8eLlcq5yy4DzrEeqEaQ,Center,0.06044199558875672,0.3315694525666898,13,0.09196082020051732,-0.12814968364968365,0.28802921812554855,5.0,0.1288105822469682,0.11292124542124542,0.04285377910158032,2.0,0.030302197802197797,76.0,73.0,66.0,73,81,73
97,vlOI4udD95JUGlmA7a6iqA,Center,0.0830282738095238,0.21078918493154095,4,0.10539459246577047,,,,,0.2261904761904762,,1.0,,72.0,,38.0,73,81,73
98,Mz2ojdB5s1xW_tILMLXEDg,Center,0.09307330296937431,0.24282211016433333,42,0.03746826504322076,-0.0031500411772636128,0.23740666567585816,18.0,0.0559572877327623,0.10157450037884821,0.1098902934991726,10.0,0.034750362020178,69.0,69.0,67.0,73,81,73
99,Qkn7xSYIsKYmGmlhJZQJcg,Center,0.6192037563131313,0.30876807024240815,4,0.15438403512120408,0.2627525252525253,,1.0,,,,,,1.0,27.0,,73,81,73
100,RnMGVQpGRmEmJlI7Uewi4A,Center,0.04095833333333334,0.018679404136344637,2,0.013208333333333338,,,,,,,,,78.0,,,73,81,73
101,tjjVkpJSZj6ZnzcChezCuA,Center,0.26254652224375724,0.1047348462570249,7,0.039586050971238844,0.19436946565978822,0.13465274298992466,2.0,0.09521386767354507,0.24344266933783065,0.10661774197410774,4.0,0.05330887098705387,25.0,51.0,32.0,73,81,73
102,xwyRa1tu9V3_JGHMiCg8Og,Center,0.18701501531679077,0.20492732078792633,58,0.026908275488162676,0.1625659058884275,0.2183679690788802,24.0,0.04457417503425928,0.1866485574825358,0.15037880565811124,10.0,0.04755395376954474,52.0,57.0,52.0,73,81,73
103,l02jjfbmaLhHKCX39FOrBg,Center,0.047514830848164186,0.1262564169953711,6,0.05154396639845288,,,,,,,,,77.0,,,73,81,73
104,26iUm28PTWJd9qqDe5YvKw,Center,-0.09882945236806844,0.1980405397996773,10,0.06262591748162064,-0.07857142857142858,,1.0,,0.21623634302205727,,1.0,,80.0,71.0,41.0,73,81,73
105,j9tIldJfidEFNEMQM9vANg,Center,0.2791803542783528,0.21915915933029928,51,0.030688420604253943,0.22539760863721195,0.10541448740262169,13.0,0.0292367184236081,0.3024550280219679,0.14311249204623147,9.0,0.04770416401541049,17.0,40.0,9.0,73,81,73
106,n6dw_zxL_4cVO6EP_m0joQ,Center,0.4958333333333333,,1,,0.4958333333333333,,1.0,,,,,,2.0,1.0,,73,81,73
107,GLSGyWYrl6t2TJl1ZS_tVg,Center,0.21260628917096544,0.20352990186539488,50,0.02878347475665065,0.20353653133504815,0.14993809556300078,24.0,0.0306059855945012,0.160189617658531,0.1400706760031475,8.0,0.049522462423604696,42.0,49.0,58.0,73,81,73
108,od_hjW02Xy-TAhtUdupBsA,Center,0.3321357526287339,0.2490921385295714,22,0.05310662237305557,0.4147321428571429,0.09154507435004403,2.0,0.06473214285714281,0.31499050024050024,0.14781624050566852,5.0,0.06610543238982654,4.0,4.0,7.0,73,81,73
109,0iVXOxmY96LgM6sa5tg8ZQ,Center,0.2848429029013561,0.16311275828034236,19,0.03742063314453629,0.35108740839482705,0.1606406042428357,6.0,0.06558125206121966,0.220331088664422,0.06138804420828768,3.0,0.03544240384867954,16.0,6.0,39.0,73,81,73
110,RWUDd17xCotH62C5gs7fzQ,Center,0.2621351195164679,0.15171072398574836,33,0.02640944721478094,0.2781091763940374,0.15108491677222166,17.0,0.03664347472291313,0.27690222604193193,0.10409330650824655,4.0,0.052046653254123276,26.0,23.0,18.0,73,81,73
111,QckgxxdTdsRPdE1O8IUG_w,Center,0.14953160964899873,0.19423165142199714,9,0.06474388380733238,0.2090430711359504,0.18081478629407227,5.0,0.08086283069812857,0.21174740829346095,0.013934909354124874,2.0,0.009853468899521552,61.0,48.0,44.0,73,81,73
112,Y1il7un36AYb_1ZU8AzUSQ,Center,0.28972638039779197,0.10724535808935665,10,0.03391396000427307,0.2577861924200643,0.057333902363067665,3.0,0.03310174396300884,,,,,12.0,28.0,,73,81,73
113,qjIN4UbE96Cq6JKwLIQ9VQ,South,0.35324449136745795,0.20232462792811037,55,0.02728144726441173,0.36360390197925774,0.22080764963236424,37.0,0.03630055398883683,0.3071331377175918,0.1733189778364907,10.0,0.0548082731695553,4.0,7.0,10.0,27,37,29
114,2fJ-WxJlUN6azp3bzrJ0zA,South,0.2576857999002397,0.1860297708511468,52,0.025797687598716385,0.23385863348638358,0.19490494699562097,19.0,0.044714261450003324,0.21536573683651608,0.13260764215800047,9.0,0.04420254738600016,14.0,17.0,21.0,27,37,29
115,ra6Ejpr6Y5nJL1Um6pzTdg,South,0.22193756040639395,0.21666994356052535,22,0.04619418717983369,0.3106008107157004,0.1254189079240377,6.0,0.05120205475183304,0.05928838808250573,0.23672491277742996,5.0,0.10586659938760838,19.0,12.0,25.0,27,37,29
116,w85pPE4Hy6TNf99vg3jeVg,South,0.11006898899976501,0.29447418973548506,27,0.05667158423772641,-0.20866815476190473,0.1845077427961083,4.0,0.09225387139805415,0.3323809523809524,0.012888519914180637,3.0,0.0074411904419080434,29.0,27.0,7.0,27,37,29
117,QhgrhVKlXZtSY6gRThf8zA,South,0.31734508408256756,0.18233802241743557,160,0.014415086372248441,0.3451763504036265,0.17945987332218707,51.0,0.02512940864952481,0.28741284110651755,0.15865729832281428,30.0,0.028966727068077312,9.0,9.0,13.0,27,37,29
118,0zWAsCBzvuCI_Ydx7yH1Jw,South,0.2614372183401297,0.1884842305825329,21,0.04113063114047465,0.3277777777777778,0.18264517310692682,3.0,0.10545023985947001,0.2744183114035088,0.19486292137001263,4.0,0.09743146068500631,13.0,10.0,15.0,27,37,29
119,dtsnh96yn64IT7sErc509g,South,0.16720482887916,0.24879608094816336,13,0.06900361746100711,0.25638350980742286,0.17674469964681938,8.0,0.062488687829522785,0.14798941798941798,0.0909463821080823,4.0,0.04547319105404115,25.0,15.0,22.0,27,37,29
120,DKXeB-JIou5XPI49CzITuQ,South,0.17144483954620074,0.15176844394973432,22,0.032357140970259664,0.19166666666666665,,1.0,,0.24664772727272727,0.07775496158274803,2.0,0.05498106060606062,23.0,20.5,18.0,27,37,29
121,KgozvZ1UFfXuJToqe8CfQg,South,0.16603841097766375,0.22307223351746996,27,0.04293027135668078,0.3656204906204906,,1.0,,0.10918478260869566,0.14569590247752254,4.0,0.07284795123876127,26.0,6.0,24.0,27,37,29
122,momyNsSDMDk6fR8W-JgqFw,South,0.17504740656946538,0.18070630977927069,17,0.04382771779032463,0.10562499999999998,,1.0,,0.24418040293040294,0.06968109956363039,2.0,0.049271978021978025,22.0,23.0,19.0,27,37,29
123,Iq5svbpQv05faAs1i4G-IA,South,-0.09324381868131867,0.4851993797494955,5,0.21698775915212135,-0.08003663003663006,0.16758171700648214,2.0,0.1184981684981685,0.03846153846153845,,1.0,,36.0,26.0,26.0,27,37,29
124,GKohndn_sMk2nWCh1jkAfg,South,0.28141629014504016,0.23038963122298206,30,0.0420631993453746,0.13776304713804713,0.13285929101623503,3.0,0.07670634743256613,0.27080410740053595,0.2440877848323284,7.0,0.09225651096214064,12.0,22.0,16.0,27,37,29
125,E3IjhZlqCZG1-HJyWTqw1g,South,0.09271960678210678,0.26308289263101975,4,0.13154144631550987,,,,,-0.1214646464646465,,1.0,,30.0,,29.0,27,37,29
126,jh-Sg2S4wlelkifvhjwSlg,South,0.25033033937863486,0.17946636867086702,11,0.05411114612444175,0.23244402732683983,0.15052520735218589,4.0,0.07526260367609294,0.3721726190476191,0.10894214595066552,2.0,0.07703373015873016,15.0,18.0,3.0,27,37,29
127,mohbgbizdjgDiXerm6CdTA,South,0.3835770248270248,0.23457870430398656,9,0.07819290143466219,0.571875,0.2961009646218668,2.0,0.209375,0.275,,1.0,,2.0,1.0,14.0,27,37,29
128,pnWpIvIsNnp6S2BW0pyreg,South,0.35157481407481406,0.19173845052750912,11,0.05781131802580629,0.45,,1.0,,0.35376984126984123,,1.0,,5.0,2.0,4.0,27,37,29
129,hc11CyeADoC4NhPzStObUQ,South,0.3169415770595618,0.1403015249858998,7,0.05302899195368654,0.19205890215934857,0.2057118763017367,2.0,0.14546026270356627,0.45125,0.04065863991822648,2.0,0.028749999999999994,10.0,19.0,1.0,27,37,29
130,I-bZsyEsmlJsqYObIF2V7A,South,0.15119383567821068,0.26422699259359406,24,0.05393510901037129,0.0706015020333202,0.31126696533783327,11.0,0.09385052124165025,0.3044749954906205,0.1941998182752415,8.0,0.06866000420380923,27.0,24.0,11.0,27,37,29
131,0IEn6AxLNFfdfuwd2bQlbQ,South,0.16721771795456006,0.23330464118109254,21,0.05091124658080324,0.35386904761904764,0.3329294428086661,2.0,0.23541666666666664,0.29444444444444445,,1.0,,24.0,8.0,12.0,27,37,29
132,Qznis2luMOIAnPoTmeIsNw,South,0.0010416666666666907,0.29680554743149784,3,0.1713607627065495,,,,,,,,,34.0,,,27,37,29
133,1Ggw9DE7s9h4q9sRo-f3oA,South,0.14329289717863672,0.28893343788389647,11,0.08711670934984937,0.3070723684210526,0.3170350469596264,2.0,0.22417763157894735,0.3277777777777778,,1.0,,28.0,13.0,9.0,27,37,29
134,BWdDR_4lWAE6uloubO0oZw,South,0.09195603278323063,0.22066372160184047,29,0.04097622440626059,0.04786373985305611,0.24999904478582466,13.0,0.0693372595994084,0.12559454665704667,0.2198127702998343,8.0,0.07771555023520688,31.0,25.0,23.0,27,37,29
135,ue3FLSX9zINnCInCw-ilEQ,South,0.18460169880624427,0.154830090255742,4,0.077415045127871,0.19166666666666665,0.15320646925708528,2.0,0.10833333333333331,0.3328512396694215,,1.0,,21.0,20.5,6.0,27,37,29
136,uSW_RGoNOqOmtR1lchGxUg,South,0.35904569504569506,0.15151762587403692,5,0.06776074224874551,,,,,,,,,3.0,,,27,37,29
137,LCXRkGG1RhisKLVTHH3jiQ,South,0.2494007786195286,0.0888854957495743,6,0.03628735168679667,0.25000000000000006,,1.0,,,,,,16.0,16.0,,27,37,29
138,QY9h6QIaBFeExPGNPqiOMg,South,-0.05972222222222223,0.11981531570105389,2,0.08472222222222221,,,,,0.024999999999999994,,1.0,,35.0,,27.0,27,37,29
139,HjewUoIXMm7yLu3aqQVTLg,South,0.02812500000000001,,1,,,,,,,,,,33.0,,,27,37,29
140,XvFImQnVmlZnSCE9X36Tcg,South,0.22916666666666666,,1,,,,,,,,,,18.0,,,27,37,29
141,x7rGLPiCGM1wqq3MCAQpTQ,South,0.3095497252576559,0.16840929105482205,30,0.030747189201393008,0.27327911829332285,0.16705539626995444,4.0,0.08352769813497722,0.33837822801296824,0.08879345756303414,7.0,0.033560772394479375,11.0,14.0,5.0,27,37,29
142,UdHM_g-JbjxQvGaHKykKeA,South,0.33194433090000136,0.21880158471456942,9,0.07293386157152314,0.36909210526315794,0.031242954884531934,2.0,0.022092105263157896,0.23119972550423676,0.30900946627453374,3.0,0.17840669853574465,8.0,5.0,20.0,27,37,29
143,SYt5vLiLkNCkYfN5CCqVFg,South,0.24178943183965504,0.254249391285688,8,0.08989073434533094,0.4333333333333333,,1.0,,0.012830687830687804,0.1966056156156247,2.0,0.139021164021164,17.0,3.0,28.0,27,37,29
144,ZWYup7u2YhhY2JeZNSuESg,South,0.4959895833333333,0.21117449392310744,2,0.14932291666666664,,,,,,,,,1.0,,,27,37,29
145,ZrkPvgCKxS_vBhYr8l-ZXw,South,0.06437186270519604,0.11656373730622036,2,0.08242300908967576,,,,,,,,,32.0,,,27,37,29
146,NMnxLORhLb4sxEbvx45qfQ,South,0.19848484848484846,0.18641906049463525,2,0.1318181818181818,,,,,0.33030303030303027,,1.0,,20.0,,8.0,27,37,29
147,bOPsxcRSEkxDHW9TYTEITQ,South,-0.18863636363636366,,1,,,,,,,,,,37.0,,,27,37,29
148,f-vB1_GyGBYzHX68xS5Dfw,South,0.3376327400959293,0.23172947788015083,19,0.053162388227316906,0.32627516663230943,0.2452767578644324,3.0,0.14161060217898871,0.4393135435992578,0.14643276236742575,2.0,0.10354359925788502,7.0,11.0,2.0,27,37,29
149,JQV6iAVa5_Fqojey26TjOA,South,0.34993004976822195,0.18099928558375097,26,0.03549688035145767,0.37630193125850114,0.14917079728642663,19.0,0.034222127931522364,0.25285252267440733,0.085176478852669,5.0,0.038092079359728234,6.0,4.0,17.0,27,37,29
150,GaDeCypnvJKZBbv35hcpyg,East,0.12710111007337266,0.3100057953213063,32,0.05480180001970614,0.07839684492462272,0.24577720334238742,11.0,0.07410461504632565,0.061176587301587315,0.21327131153779308,5.0,0.0953778300498081,42.0,34.0,32.0,41,68,40
151,KqbwtP88sAENx9mJk3wXTw,East,0.20818376068376074,0.22934914138577903,3,0.13241478851748906,,,,,-0.04999999999999999,,1.0,,17.0,,39.0,41,68,40
152,FIFi_8eNmc-jPHZVHPS3NQ,East,0.20000435904137087,0.16744097752880852,90,0.01764982875453689,0.1794173238351806,0.2112678854932225,33.0,0.03677701828537695,0.2354218395944918,0.120452738884541,18.0,0.028390982825917163,22.0,22.0,19.0,41,68,40
153,I9DCtzUgR4gamBFMVsdY8g,East,0.12159467673923458,0.22158589692850872,21,0.04835400693378924,0.1254359925788497,0.06792947890508239,2.0,0.04803339517625228,0.20912849055706198,0.06321909562728201,3.0,0.03649956187833596,43.0,30.0,21.0,41,68,40
154,shbtvcGnl-PEQOpffwYq-w,East,0.16196316210244782,0.2252649825892573,25,0.04505299651785146,0.3446938775510204,,1.0,,0.10002314814814817,0.04349242593467428,3.0,0.025110363821094057,33.0,10.0,29.0,41,68,40
155,A4CPH0tLHOrtoTVNQcJSRQ,East,0.0818902876283064,0.30344296395834036,22,0.06469425728898784,0.09069980341719472,0.28703795762170853,10.0,0.09076937210074869,0.26057581018518516,0.25648039830307195,4.0,0.12824019915153598,49.0,32.0,14.0,41,68,40
156,iZ9fg8Dm3SsHa5BqXktGtw,East,0.21417836558282988,0.21927584063266164,30,0.040034108076805554,0.17189562719027005,0.26669616280961517,10.0,0.0843367317705475,0.3010606060606061,0.15682613021504976,4.0,0.07841306510752488,16.0,24.0,10.0,41,68,40
157,mbWj0U7dIaX103cSQC4WiQ,East,-0.039055402930402924,0.2971788933121847,5,0.13290244138484053,,,,,,,,,61.0,,,41,68,40
158,R5PDWmEnLX7lDSEPfF9ZWw,East,0.24443813131313133,0.2667657202347211,14,0.07129613768959392,,,,,,,,,10.0,,,41,68,40
159,zUJMvjK6aBeQtVCowZ85-w,East,0.14921102914045387,0.22268888368772707,19,0.051088333676036074,0.30187131180223287,0.15157933681803193,5.0,0.06778834022189122,0.23585379464285716,0.1756418094014524,4.0,0.0878209047007262,36.0,12.0,18.0,41,68,40
160,VunuxKegBjV417P5SXDxhg,East,0.06303307803307805,0.26496703643995584,11,0.07989056742579638,0.38571428571428573,,1.0,,,,,,52.0,6.0,,41,68,40
161,28W1WtQCD5X9GxR6A7q8gA,East,0.19065600198412697,0.307375101454057,8,0.10867350930303335,0.2750000000000001,,1.0,,0.38666666666666666,0.1579205144649955,2.0,0.11166666666666658,24.0,14.0,4.0,41,68,40
162,up5Czl7yXI1LpZ_6Ys2Ahw,East,0.14695427943627223,0.28670258589375736,21,0.06256363341893913,0.07783636797853279,0.3573957742993938,11.0,0.10775888045542116,0.2646673057334822,0.1962223728188933,4.0,0.09811118640944665,37.0,35.0,13.0,41,68,40
163,NkYhL3h6wHI8aeFeWrgO_Q,East,0.10793142043142041,0.12373074056496118,3,0.07143597637221209,0.25,,1.0,,,,,,46.0,15.0,,41,68,40
164,garSfHRFg9fASfWcBnMMEQ,East,0.009991496598639446,0.12139868972922105,2,0.08584183673469388,,,,,0.09583333333333333,,1.0,,55.0,,30.0,41,68,40
165,AHqYW_taqAvhBkYBElkcTQ,East,0.25664093626281126,0.2144570575877392,25,0.04289141151754784,0.3698301091269841,0.20979504343242494,4.0,0.10489752171621247,0.03055555555555556,,1.0,,8.0,9.0,35.0,41,68,40
166,ps0bd_rZ-IVBoV_ayQizCw,East,0.25419331016247415,0.2241200323719858,7,0.08470940992628856,0.1968421052631579,,1.0,,0.5399999999999999,,1.0,,9.0,21.0,1.0,41,68,40
167,Zk_GdMMPgEfKUECCxAxvwQ,East,0.28825312627996286,0.14600497768201592,20,0.032647705515032724,0.31203471522936843,0.16152045082684977,12.0,0.04662693788225571,0.1989001922227227,0.08953849957002939,7.0,0.03384237180402307,3.0,11.0,22.0,41,68,40
168,cXwuokJlPSZsZ3SRKKnGJQ,East,0.286276455026455,0.21961597777676234,3,0.12679534388775662,0.21274801587301587,0.2530291825138767,2.0,0.1789186507936508,0.43333333333333335,,1.0,,4.0,19.0,3.0,41,68,40
169,erbA3m2FNa6BKMlW0a8P_w,East,0.20508167989417989,0.16974559626754748,6,0.06929834948999536,0.3925925925925926,,1.0,,0.36018518518518516,,1.0,,18.0,5.0,6.0,41,68,40
170,NmzGFQAQBZOSL6nY4dXfPQ,East,0.07757066730048501,0.3924329300803912,12,0.11328562891039373,-0.58,,1.0,,-0.021528397817460316,0.3227005313083003,3.0,0.18631123861848245,50.0,40.0,37.0,41,68,40
171,kYdYcTZMW2_GIuUug0Npjw,East,0.14653695383200252,0.187408572802422,11,0.056505810771057964,0.17527103972416472,0.19051097054772104,2.0,0.13471159916472417,0.24430437184343434,0.11952801650571722,4.0,0.05976400825285861,39.0,23.0,17.0,41,68,40
172,7zdWY4WhiEsYsSPJhYnPZg,East,0.08662544283515965,0.21574399085612342,8,0.07627701946730668,0.09083333333333335,,1.0,,0.04489795918367349,,1.0,,47.0,31.0,33.0,41,68,40
173,pFBTtrFfJbJY1YTJu1hxAw,East,0.15852921962296962,0.3951944540614859,13,0.10960722060751427,-0.79296875,,1.0,,0.08033670033670033,,1.0,,35.0,41.0,31.0,41,68,40
174,WVNw5jRXmaJdP1_r-gN8XA,East,0.20211674250409414,0.1670333247915936,15,0.04312781901196643,0.2104217647050948,0.15726340019257196,6.0,0.06420251428115185,0.31475328947368425,0.31766306942975925,2.0,0.2246217105263158,19.0,20.0,7.0,41,68,40
175,SXkoApPclRGBUzMRg0iIFg,East,0.20133379247015615,0.30454799787975945,3,0.1758308685570407,0.55,,1.0,,-0.012665289256198338,,1.0,,20.0,1.0,36.0,41,68,40
176,4owrIR0t7W5WR1a8-VsoKQ,East,0.006712962962962966,,1,,,,,,,,,,57.0,,,41,68,40
177,YZtPfTnsJiNxImIHKaRV3g,East,0.24312508841920608,0.06748895030896268,3,0.03896476362820488,,,,,0.2938095238095238,,1.0,,11.0,,12.0,41,68,40
178,c72aNhUfFbeJsJzGRsSqpw,East,0.2333333333333333,,1,,0.2333333333333333,,1.0,,,,,,13.0,16.0,,41,68,40
179,18kkPUHXsYj9qfMtiLlgJw,East,0.18133343456430193,0.33489392710367877,10,0.10590275842060211,0.28567733641075477,0.14154962274623883,4.0,0.07077481137311942,0.17861768437533743,0.071736159229555,3.0,0.041416890841813436,28.0,13.0,25.0,41,68,40
180,aSLURDEj9Kw2YQkpP_ZAlg,East,0.2753831962919848,0.20991514543301412,16,0.05247878635825353,0.38216345999679335,0.13295975115427605,5.0,0.05946140837048347,0.4416666666666667,,1.0,,6.0,7.0,2.0,41,68,40
181,8OoLxv91ztELwzfvG26xjA,East,0.11306074951932461,0.2003860336329766,13,0.055577086088503744,0.13460595285790597,0.29776631177203355,4.0,0.14888315588601678,0.12063902572523261,0.03759431701727167,2.0,0.02658319649698962,45.0,29.0,27.0,41,68,40
182,TS7arPiiUIf-TH76J_FtEQ,East,0.13814140141733777,0.21624625646970105,8,0.07645459717796546,0.1497767857142857,0.1726729505843935,2.0,0.12209821428571425,,,,,40.0,26.0,,41,68,40
183,-VEGatH4Ea3anbCS4wjgIQ,East,0.178613247810691,0.18105079125980952,22,0.03860015839334148,0.1431489065437929,0.20121577059056373,11.0,0.0606688375410117,0.17685545935545935,0.1402711759109258,3.0,0.08098560117171837,30.0,27.0,26.0,41,68,40
184,49wcB-ofwY20ggk7Kd4rfw,East,0.13278879676870745,0.37019981823628306,5,0.16555839176687903,0.08071986607142853,0.60576270103323,2.0,0.42833891369047616,,,,,41.0,33.0,,41,68,40
185,cVZdkfVcux5xGFXUOrEmzQ,East,-0.0525854700854701,0.3903073773662672,6,0.15934231956521247,-0.08163184552073444,0.5759335805752642,3.0,0.33251540778047384,,,,,62.0,37.0,,41,68,40
186,UaJEbU86wjE-5cUfpTTEEg,East,-0.06145833333333334,,1,,,,,,,,,,64.0,,,41,68,40
187,KjdGQMxhgW25Fn_A-DNY4w,East,0.16583017676767675,0.29564564641496155,4,0.14782282320748077,,,,,,,,,32.0,,,41,68,40
188,96xaSiiL2G9owvfiR3pleA,East,0.0006637215018221801,0.16631764982718542,4,0.08315882491359271,,,,,-0.11475442834138486,0.010390256647869934,2.0,0.0073470209339774354,58.0,,40.0,41,68,40
189,MGKqN8FyfJEuxvlZHzsXRg,East,0.4955555555555555,,1,,0.4955555555555555,,1.0,,,,,,2.0,4.0,,41,68,40
190,VXoFO5UrS4WFa8lfgMq-DA,East,0.18274573232556426,0.21626684111903577,7,0.08174118263292662,,,,,0.2502525252525252,0.003571246369629051,2.0,0.0025252525252525415,27.0,,16.0,41,68,40
191,QYA0axOfmU8l5rhyn-sgkw,East,0.1856704929511302,0.23589588272767675,21,0.051476701844190696,0.0763629022315997,0.28402945614084146,7.0,0.10735304370937056,0.3094916125541126,0.19740516162673905,5.0,0.08828227210134429,26.0,36.0,9.0,41,68,40
192,6g3pHoyXeMXFC7WD0rbJMA,East,-0.10984848484848483,0.22605989519751746,2,0.15984848484848482,-0.26969696969696966,,1.0,,,,,,66.0,38.0,,41,68,40
193,86glJ3ygYJV8HE-FClONsw,East,0.14687499999999998,,1,,,,,,,,,,38.0,,,41,68,40
194,7XhHJgO-DMkMsy25e2pIhw,East,0.2006605995149475,0.21730308759016995,14,0.05807669306075316,0.3795918367346939,,1.0,,0.11183735246235248,0.087706967259433,3.0,0.05063764115703934,21.0,8.0,28.0,41,68,40
195,9rjYYWTMZj2LzDuBl9rKEQ,East,0.21850704170557111,0.06583339588302864,4,0.03291669794151432,,,,,0.19813492063492064,,1.0,,15.0,,23.0,41,68,40
196,4AuBXliaKg3bDKVaaZvxbw,East,0.062011904761904754,0.2593448636139587,10,0.08201204684858367,0.13886904761904761,0.3339395953532183,2.0,0.23613095238095236,0.375,,1.0,,53.0,28.0,5.0,41,68,40
197,_3F4-hH5zhJJDTyvzNlDcg,East,0.08570839533730157,0.3773291373492078,4,0.1886645686746039,,,,,0.3118898809523809,0.2895560179269555,2.0,0.20474702380952375,48.0,,8.0,41,68,40
198,LFmq7ZPuuTybUXht0n-bVQ,East,-0.0015432098765432122,0.05233188293622411,3,0.030213826700428974,,,,,,,,,60.0,,,41,68,40
199,kjqhiQqdUuiC19ubuw3Qxg,East,0.12031292517006804,0.25732519675248644,7,0.09725978238254925,,,,,,,,,44.0,,,41,68,40
200,rgi47E4VY0jdatSo8Oeotg,East,-0.057584001285173166,0.2338726514306648,4,0.1169363257153324,,,,,,,,,63.0,,,41,68,40
201,Apg6r-2CGinmTRFnt-5Zow,East,0.0,,1,,,,,,,,,,59.0,,,41,68,40
202,RFWabEPg6tiJ-VdwJ5szfA,East,-0.09208439918667188,0.3287839057355617,3,0.1898234764816431,-0.396875,,1.0,,,,,,65.0,39.0,,41,68,40
203,AhDF9uub_RaIsACqQJqpeQ,East,-0.12142857142857144,0.17172593257387583,2,0.12142857142857143,,,,,,,,,67.0,,,41,68,40
204,fl08K_-1-EVKCQxH6L0tjQ,East,0.16166666666666668,0.14669507300671158,3,0.08469443988921674,0.15833333333333335,,1.0,,,,,,34.0,25.0,,41,68,40
205,wUiJDkB_YUZEgTQshpUZZg,East,0.16794202529496652,0.1912477457120581,2,0.13523257787963675,,,,,0.03270944741532976,,1.0,,31.0,,34.0,41,68,40
206,oRLG5fJrGJzzj4AO4yjqMg,East,0.07085305099202614,0.2717705624585168,14,0.0726337380379013,,,,,0.23124999999999998,0.3257669902621265,3.0,0.18808165952093295,51.0,,20.0,41,68,40
207,x67huqR9qbjoodRBu3KWfg,East,0.27877444661819656,0.04127342639598198,3,0.0238292238400984,,,,,,,,,5.0,,,41,68,40
208,pZGUnFYoXr2ccOxWr-F9Cw,East,0.5,,1,,0.5,,1.0,,,,,,1.0,3.0,,41,68,40
209,gU39t80dXx9LkIZHp6cyCQ,East,0.22658600459988246,0.19336020296234435,48,0.027909141307717548,0.231620729709672,0.14998192131569035,13.0,0.04159750059202516,0.25915297554369643,0.1763905924613403,10.0,0.05577960300043614,14.0,17.0,15.0,41,68,40
210,CmKp4n_4CkTup0ytosCEXw,East,0.2625608834557698,0.14385537795331607,8,0.05086055663047177,0.5375,,1.0,,,,,,7.0,2.0,,41,68,40
211,mDplRQe0GajH76EzHJhucQ,East,0.18111045975629306,0.27273681803057914,6,0.11134433970753764,0.2226190476190476,0.24412019826678427,2.0,0.17261904761904762,-0.046875,,1.0,,29.0,18.0,38.0,41,68,40
212,epemZhgcKNa8X2kKUpEFow,East,0.2,,1,,,,,,,,,,23.0,,,41,68,40
213,tE0u6LlEQ9Wz9cx8_F7r3g,East,0.2418650793650794,0.08221519320938829,2,0.05813492063492065,,,,,0.30000000000000004,,1.0,,12.0,,11.0,41,68,40
214,G_EgeYlRd9Y2wJxd9BK7fw,East,-0.19444444444444442,0.2002313476771122,3,0.11560362248158229,,,,,,,,,68.0,,,41,68,40
215,V5KiEoH4E86GA2S3RQkf1g,East,0.008333333333333323,,1,,,,,,,,,,56.0,,,41,68,40
216,Gm4JTabNe81qEL5Lf9NcCQ,East,0.1857142857142857,,1,,,,,,0.1857142857142857,,1.0,,25.0,,24.0,41,68,40
217,ERxAPTa09fE0tZwvfht26Q,East,0.049814814814814826,0.14115946483687003,2,0.0998148148148148,,,,,,,,,54.0,,,41,68,40
218,Hgqa3SSaNQbNTbniScCR7Q,North,0.30515166546416544,0.39961115569385486,6,0.16314057116230485,0.4721875,0.2656069846831968,2.0,0.1878124999999999,0.6666666666666666,,1.0,,8.0,1.0,2.0,43,64,46
219,kufU0ChkDC9hZABZoUebIQ,North,0.11164720749627977,0.13241835307186167,10,0.0418743599715437,0.10238095238095239,0.19708763891976075,3.0,0.11378860138427165,0.045186360677083336,,1.0,,47.0,27.0,41.0,43,64,46
220,FcZxIZcFyJFDny8J83KzCw,North,0.18571842464052232,0.17297541974058944,53,0.023760001204828563,0.2588445853433447,0.1522244696600222,17.0,0.03691985689481779,0.14492558854400958,0.13935740867516563,6.0,0.056892423855110286,30.0,17.0,31.0,43,64,46
221,hUmHwBQtGg0iH-PZakQJDw,North,0.31260708389933767,0.18881978006781838,187,0.013807869829334522,0.30867036092284295,0.18079919956497706,108.0,0.01739741108968473,0.2703834232784015,0.17519758069790936,36.0,0.029199596782984893,7.0,12.0,19.0,43,64,46
222,BOUmrR6yo4cjeDJn-l_zFg,North,0.20090593832566198,0.22727156700079196,26,0.04457162134699417,0.14706663624074337,0.20735980767783627,4.0,0.10367990383891813,0.11975577755577756,0.12217859282640134,5.0,0.05463992779102031,26.0,24.0,36.0,43,64,46
223,y7WPOc2_vCoBkwK3xPJ8XA,North,0.32287103072293744,0.1872874636978333,130,0.01642619719518588,0.3027872004555528,0.17694408173736106,50.0,0.025023672017462948,0.35751447905771616,0.18425089212387386,14.0,0.04924312225249866,4.0,13.0,8.0,43,64,46
224,piUZEndStsWNnRUwOPk8jA,North,0.15498117751589974,0.1800956011871188,9,0.06003186706237293,0.23776041666666664,0.055611002062067,2.0,0.03932291666666665,0.14106060606060605,,1.0,,35.0,19.0,33.0,43,64,46
225,bffLbfi1IEAff5C2IHJvFA,North,0.23780425121418125,0.16804049013259517,54,0.022867414275113872,0.23941820603452377,0.1548802017277018,15.0,0.039989896129908956,0.29186434400959577,0.1666769286748781,9.0,0.05555897622495937,21.0,18.0,14.0,43,64,46
226,UPD4qX0t1lm7G86mrj889w,North,0.29771259501347624,0.17617279332247165,82,0.01945503041946908,0.3324090473647333,0.16579085532409285,32.0,0.029307959514595968,0.3501965917680203,0.19155605722411712,17.0,0.04645916806834681,11.0,9.0,9.0,43,64,46
227,k6xc8FiZp2hppWcQJzNVpQ,North,0.293716227461873,0.2218921780886344,42,0.034238706409461375,0.37431360488392834,0.23859107831986626,18.0,0.05623645647019604,0.1434381745237187,0.08400989718571801,8.0,0.029701983993402927,13.0,5.0,32.0,43,64,46
228,tJH6fNXoMkgWRyN_Y76eZg,North,0.19976776695526696,0.14406497573920551,4,0.07203248786960276,,,,,0.3654761904761905,,1.0,,28.0,,7.0,43,64,46
229,D3se5JzK_90jCX6i7UqNUg,North,0.14161163939400548,0.23055612366487618,20,0.05155391651435111,0.20813492063492062,0.27470537253239286,2.0,0.19424603174603172,0.2780218735464271,0.28824793100894697,6.0,0.11767672506414814,39.0,20.0,18.0,43,64,46
230,gvPQfpdVHiksyjid6aJ6xQ,North,0.1453632756132756,0.2281434581452526,10,0.0721452961006292,-0.2000462962962963,0.17867540794982298,2.0,0.1263425925925926,0.44174242424242427,,1.0,,38.0,39.0,5.0,43,64,46
231,_61CLj2WP5jA6X3SDDlrrg,North,0.2275446648784589,0.23129585509281383,24,0.04721306871650932,0.057711029417378636,0.2764641787496364,7.0,0.10449363762703512,0.268536556036556,0.027660153429531487,2.0,0.019558682058682053,24.0,29.0,21.0,43,64,46
232,UlckmYD4vBcd2GBI5FXy0w,North,0.2364717407164886,0.18347985454810298,35,0.031013755945659718,0.3965277777777778,0.057687730310656715,5.0,0.025798737288460695,0.3256540081310302,0.19155306618945844,8.0,0.06772423602982082,22.0,3.0,13.0,43,64,46
233,UG5PDzdKA2n3jd854QJpiQ,North,-0.02181733761780479,0.2547572556610926,23,0.053120559890961115,-0.0566906746031746,0.29789725648919996,5.0,0.13322370316410828,0.21693877551020407,0.011400293002803511,2.0,0.008061224489795911,59.0,37.0,24.0,43,64,46
234,Ep_jh1Pt4Ggyla21f-BQcQ,North,0.29846042312017207,0.19802891502850178,140,0.016736498009561018,0.30940429607249975,0.1537772523093039,47.0,0.0224307176006662,0.28932260649940267,0.1751754524491106,26.0,0.034354732705402305,10.0,11.0,16.0,43,64,46
235,PHyXrC_xG4wXCNmx1ACfmw,North,0.12816638608305275,0.22346509479726073,9,0.07448836493242024,0.14302083333333335,,1.0,,,,,,44.0,25.0,,43,64,46
236,cZWaIEHgIfh2yFAFMlk7bQ,North,0.24806288156288156,0.24160812599544654,13,0.06701003744964204,,,,,0.18159722222222222,0.1293359665575294,3.0,0.07467215510789005,18.0,,29.0,43,64,46
237,rz_an69uzlVtRzkRSMqrsw,North,0.0779320987654321,0.2630005895963529,3,0.15184346120048464,,,,,,,,,51.0,,,43,64,46
238,KPIjz4gMwMTZzTGT_g8Byw,North,0.3209849148701827,0.19615504051488838,30,0.035812846819448046,0.329627849002849,0.16644516782593097,4.0,0.08322258391296548,0.29092978395061725,0.17060549547384682,6.0,0.0696494018709383,5.0,10.0,15.0,43,64,46
239,Ikqc5tNLqyCafgcOXaZ0Ng,North,0.20567298390315722,0.2882878063309575,30,0.05263391152704869,0.17928366703324689,0.27668946190916405,10.0,0.08749689041993591,0.19885011140819966,0.1592077023366024,5.0,0.071199848993239,25.0,23.0,27.0,43,64,46
240,OCR7S1ymLXezUwUB8N5TCg,North,0.08148265727207364,0.2205968535818516,7,0.0833777735115582,-0.002916666666666682,,1.0,,,,,,50.0,35.0,,43,64,46
241,gu7iuTiVwyPAI_S2fwVi9Q,North,0.12819444444444442,0.1618044229812532,6,0.06605637907158841,-0.0975,,1.0,,0.056388888888888884,0.1885182229132515,3.0,0.10884104674611562,43.0,38.0,40.0,43,64,46
242,LaTe2iIyih62D1kCQ0hflA,North,0.3033989269149505,0.1482239482004374,51,0.020755504264107185,0.29041893865649876,0.1752594480817748,25.0,0.035051889616354956,0.2782643686321528,0.13523160005347065,10.0,0.04276398677979152,9.0,16.0,17.0,43,64,46
243,mXCc-htrMH55gdaWF7wH2A,North,0.296763269070696,0.22418063496256332,32,0.039629911798183634,0.2951659616838188,0.22204087968648087,9.0,0.07401362656216029,0.2687053825203176,0.06373556535191471,3.0,0.03679774581288095,12.0,15.0,20.0,43,64,46
244,TLcwutJ1pVrmj_2p_OdJXA,North,0.358015873015873,0.2574155177980244,4,0.1287077588990122,,,,,0.7333333333333334,,1.0,,1.0,,1.0,43,64,46
245,zuEdIZKAYBDfPjyFg6B34Q,North,0.1294701266527405,0.3239663979926888,16,0.0809915994981722,-0.8666666666666667,,1.0,,0.3264365243342516,0.07262149765869035,3.0,0.04192804122219865,42.0,43.0,12.0,43,64,46
246,mlyTBHNwuDrb7FRGSw3o9g,North,0.3372843915343916,0.15704096694198608,5,0.07023085546691563,0.3349305555555556,0.07689786245403711,2.0,0.05437500000000004,0.48340277777777785,0.1330735678483016,2.0,0.09409722222222218,2.0,7.0,3.0,43,64,46
247,uOpUwgX4Xf6copxDjNvvUA,North,0.11259953703703704,0.2940630536708933,5,0.1315089955358573,,,,,-0.09687499999999999,0.11048543456039804,2.0,0.07812499999999999,46.0,,45.0,43,64,46
248,_7V_3b2dSSVIXqVMJwGmoQ,North,-0.055812494055360894,0.3151108262384691,12,0.09096466017667276,-0.3983707154359328,0.19937217753952488,3.0,0.11510758037136655,0.214984126984127,0.16119789827620945,2.0,0.11398412698412698,62.0,42.0,26.0,43,64,46
249,ko4GlJ-DPYKbGs4N2YkX4g,North,0.26057228468575394,0.2097745167061089,17,0.050877793526010795,0.334388424075924,0.17364580274344205,7.0,0.0656319443241893,0.04115384615384616,,1.0,,17.0,8.0,42.0,43,64,46
250,Ke7FEXPJc6q54_DvVg995g,North,0.2336111111111111,0.08775887630530808,3,0.050667610858648696,,,,,0.15833333333333335,,1.0,,23.0,,30.0,43,64,46
251,zSlWMn4h_7tKP7ErrCD_6A,North,0.26140162538079204,0.1842044231441251,9,0.06140147438137503,,,,,0.26136363636363635,0.2517728690588465,2.0,0.17803030303030304,16.0,,22.0,43,64,46
252,qfFKVxDqFbPtBTlKGQDapQ,North,0.17500000000000002,,1,,,,,,,,,,33.0,,,43,64,46
253,zAHzitys-ncDZi0nVW_qsw,North,0.24174043900109793,0.1999002204857078,32,0.03533770036653249,0.29538018995476983,0.12330016833345982,6.0,0.05033708293604151,0.21532896198558463,0.15502348955025602,8.0,0.054809080352093954,19.0,14.0,25.0,43,64,46
254,mfMb53r8mEtLtoqSOkDxXg,North,0.06371428571428572,0.23228704923570404,5,0.10388192647677495,,,,,,,,,56.0,,,43,64,46
255,BnwPx4GPOfxXZk2G-6oDwQ,North,0.14614737271665432,0.1568696925163141,14,0.04192518884033025,0.017752606017531387,0.007723981500487749,2.0,0.005461679696754331,0.13835090938357367,0.12181221691109265,4.0,0.06090610845554632,37.0,32.0,34.0,43,64,46
256,UGZZVg5iOT-Q9PfoST38oQ,North,-0.14539739248546069,0.21959343669054052,2,0.15527600818794,-0.3006734006734007,,1.0,,,,,,64.0,41.0,,43,64,46
257,3BJxm-HnvzdwD1zjmSbmyQ,North,0.13878480146122366,0.2420503713241853,38,0.03926575522143812,0.0990384615384615,0.47004470005798055,2.0,0.3323717948717948,0.19351846908878156,0.1348646221542128,12.0,0.038932062952445966,40.0,28.0,28.0,43,64,46
258,X3pLW1Fq9SlbrUFsxgynwA,North,0.20073411490543186,0.3272378495154874,8,0.11569605122665205,0.011044340084518675,0.45164406871393303,3.0,0.2607568246498871,,,,,27.0,34.0,,43,64,46
259,R76nXl5oTep-d1ZGPZSimQ,North,0.0703189171939172,0.3409126938408676,6,0.13917702445796454,0.18557692307692308,0.39208164469638696,2.0,0.27724358974358976,,,,,55.0,21.0,,43,64,46
260,-n_beuzQuajaezPD2PyQvA,North,0.03298681972789114,0.3328222177436892,4,0.1664111088718446,,,,,0.34319727891156454,,1.0,,57.0,,10.0,43,64,46
261,IW19SVvxiuRlSt3QQmx2OQ,North,-0.030429784886936335,0.18102977001376389,6,0.0739050941311854,,,,,0.07984587251828631,,1.0,,60.0,,38.0,43,64,46
262,fGeaHPDRkZj6ZUF37fe-XQ,North,0.2414610656832879,0.34596485328838017,9,0.11532161776279339,0.34288888888888885,0.6004873329530249,3.0,0.3466915233253894,0.43703703703703706,,1.0,,20.0,6.0,6.0,43,64,46
263,m0za_1Ocf0Q0rxlBYVDq7g,North,0.28349290524290527,0.15393204498324686,5,0.06884050329961909,,,,,,,,,15.0,,,43,64,46
264,eGmbGdkhPjw2gniEIq-E6Q,North,0.08312957875457877,0.17680245804533049,4,0.08840122902266524,,,,,,,,,49.0,,,43,64,46
265,M6MgV7UZB1e8kOHz1ZJmog,North,0.10051383801383802,0.10626904172450613,3,0.06135445984616719,0.01488095238095238,,1.0,,0.06721611721611723,,1.0,,48.0,33.0,39.0,43,64,46
266,rvz1I1whB8zG_BH0TIMMow,North,0.2930011314221841,0.24573353814803509,6,0.1003202968585718,0.39472222222222225,,1.0,,,,,,14.0,4.0,,43,64,46
267,pg6RCapqdBVRGMg2kjoIxQ,North,0.07766666666666668,0.35465525122606345,5,0.1586066500637487,-0.03833333333333333,,1.0,,0.4491666666666667,,1.0,,52.0,36.0,4.0,43,64,46
268,1FeB0RbAz9kdoZsTf05arw,North,-0.07528935185185184,0.19598905455870702,3,0.11315433340768975,,,,,,,,,63.0,,,43,64,46
269,e5JRwLlsLUgt-q2WBnGkqA,North,0.33613095238095236,0.12652160620516437,2,0.08946428571428569,,,,,0.33613095238095236,0.12652160620516437,2.0,0.08946428571428569,3.0,,11.0,43,64,46
270,E1eGmRqgJ65Dby-BN5Gg_g,North,0.13509038800705467,0.3116604026409686,6,0.12723482658345467,,,,,,,,,41.0,,,43,64,46
271,gOfCxAiQmQYywXYJ3KeP-w,North,0.07182127252779427,0.1787901867324921,6,0.07299078808525475,0.10968406593406593,,1.0,,0.10968406593406593,,1.0,,54.0,26.0,37.0,43,64,46
272,KR_sbvIHRAyBj-osH_kENw,North,-0.004218750000000007,0.2711312564112168,2,0.19171875,,,,,-0.19593750000000001,,1.0,,58.0,,46.0,43,64,46
273,AYY1crsG6etLAQ2rsG3v-w,North,0.19946104459776334,0.19442667758483342,8,0.0687402110819031,,,,,,,,,29.0,,,43,64,46
274,2MZRpN_BaKxsQwkknCk8aA,North,0.31990349002849,0.3900227433806615,5,0.17442347339402303,-0.21376958689458692,,1.0,,-0.000866274928774946,0.3010907512562013,2.0,0.21290331196581194,6.0,40.0,43.0,43,64,46
275,YtMgMdZfjlK6ogDIGiOJSw,North,0.14822222222222226,0.5003173313995483,2,0.35377777777777775,,,,,,,,,36.0,,,43,64,46
276,teGUSCn6Vlrs07qIgilFHA,North,0.07747120986652235,0.2291371556494607,8,0.08101221829076553,,,,,0.1365666666666667,,1.0,,53.0,,35.0,43,64,46
277,qU_CC7nJ-rOfCusuapOW8g,North,0.1837820512820513,0.061917170711591286,2,0.04378205128205129,,,,,0.2275641025641026,,1.0,,31.0,,23.0,43,64,46
278,u3Krpt7IdsJ26jj83uwNBQ,North,0.17338722331232448,0.20003697920348276,12,0.05774570189550517,0.026058201058201075,0.19908866335473563,3.0,0.1149438933804594,,,,,34.0,31.0,,43,64,46
279,pcy24IuPvHpj3bHvP6EitA,North,0.12253089541227812,0.21964004201527473,11,0.06622396439114198,0.41381944444444446,0.023668435314716393,2.0,0.01673611111111112,-0.06904761904761905,,1.0,,45.0,2.0,44.0,43,64,46
280,90OqHj6ES9Npo2-ncdxurw,North,-0.036706349206349194,0.08951073936448754,2,0.06329365079365078,0.026587301587301587,,1.0,,,,,,61.0,30.0,,43,64,46
281,fSf3TliYT-rprh3YDs4phQ,North,0.1827731092436975,,1,,0.1827731092436975,,1.0,,,,,,32.0,22.0,,43,64,46
